Title,File Path
100 Moral Stories,.\100 Moral Stories\100 Moral Stories.epub
A Beautiful String of Incidents in the Life of The Holy Prophet,.\A Beautiful String of Incidents in the Life of The Holy Prophet\A Beautiful String of Incidents in the Life of The Holy Prophet.epub
A Brief History of the Fourteen Infallibles,.\A Brief History of the Fourteen Infallibles\A Brief History of the Fourteen Infallibles.epub
A Bundle of Flowers,.\A Bundle of Flowers\A Bundle of Flowers.epub
A CLOSER LOOK AT CHRISTIANITY,.\A CLOSER LOOK AT CHRISTIANITY\A CLOSER LOOK AT CHRISTIANITY.epub
A Code of Practice For Muslims in the West,.\A Code of Practice For Muslims in the West\A Code of Practice For Muslims in the West.epub
A Commentary on Prayer,.\A Commentary on Prayer\A Commentary on Prayer.epub
A Complete Day & Night in Devotion to Allah,.\A Complete Day & Night in Devotion to Allah\A Complete Day & Night in Devotion to Allah.epub
A Divine Prespective on Rights (Risalat al-Huquq),.\A Divine Prespective on Rights (Risalat al-Huquq)\A Divine Prespective on Rights (Risalat al-Huquq).epub
A NEW FORMATION FOR THE BOOK OF ATTRIBUTES - AL KHISAL,.\A NEW FORMATION FOR THE BOOK OF ATTRIBUTES - AL KHISAL\A NEW FORMATION FOR THE BOOK OF ATTRIBUTES - AL KHISAL.epub
A New Perspective- Women in Islam,.\A New Perspective- Women in Islam\A New Perspective- Women in Islam.epub
A Probe Into the History of Ashura,.\A Probe Into the History of Ashura\A Probe Into the History of Ashura.epub
A Quick Look  in  The Holy Book,.\A Quick Look  in  The Holy Book\A Quick Look  in  The Holy Book.epub
A Replay To Belief Of Mahdism In Shia Imamate,.\A Replay To Belief Of Mahdism In Shia Imamate\A Replay To Belief Of Mahdism In Shia Imamate.epub
A Restatement of the History of Islam and Muslims,.\A Restatement of the History of Islam and Muslims\A Restatement of the History of Islam and Muslims.epub
A Shi'ite Anthology,.\A Shi'ite Anthology\A Shi'ite Anthology.epub
A SHORT  BIOGRAPHY  OF  IMAM JAFFER AS-SADIQ (A.S),.\A SHORT  BIOGRAPHY  OF  IMAM JAFFER AS-SADIQ (A.S)\A SHORT  BIOGRAPHY  OF  IMAM JAFFER AS-SADIQ (A.S).epub
A Short History of Ilmul Usul,.\A Short History of Ilmul Usul\A Short History of Ilmul Usul.epub
A Summary of Rulings,.\A Summary of Rulings\A Summary of Rulings.epub
Abu Dhar Al-Ghifari,.\Abu Dhar Al-Ghifari\Abu Dhar Al-Ghifari.epub
Abu Talib b. Abdul Muttalib,.\Abu Talib b. Abdul Muttalib\Abu Talib b. Abdul Muttalib.epub
Abul Fazl al Abbas- Eminence and Status,.\Abul Fazl al Abbas- Eminence and Status\Abul Fazl al Abbas- Eminence and Status.epub
Adabus Salat - The Disciplines of the Prayer,.\Adabus Salat - The Disciplines of the Prayer\Adabus Salat - The Disciplines of the Prayer.epub
Adam and Eve,.\Adam and Eve\Adam and Eve.epub
Admonitions of Ulema - USWAT AL-AARIFEEN,.\Admonitions of Ulema - USWAT AL-AARIFEEN\Admonitions of Ulema - USWAT AL-AARIFEEN.epub
"Akhlaq E-A'imma, Morals & Manners of the Holy Imams",".\Akhlaq E-A'imma, Morals & Manners of the Holy Imams\Akhlaq E-A'imma, Morals & Manners of the Holy Imams.epub"
Al Muraja'at - A Shi'i - Sunni dialogue (also known as 'The Right Path'),.\Al Muraja'at - A Shi'i - Sunni dialogue (also known as 'The Right Path')\Al Muraja'at - A Shi'i - Sunni dialogue (also known as 'The Right Path').epub
Al Sahifa e Alaviya,.\Al Sahifa e Alaviya\Al Sahifa e Alaviya.epub
Al Siraj- The Lantern on the Path To Allah Almighty,.\Al Siraj- The Lantern on the Path To Allah Almighty\Al Siraj- The Lantern on the Path To Allah Almighty.epub
AL- AMAALI,.\AL- AMAALI\AL- AMAALI.epub
AL-GHAYBA OCCULTATION,.\AL-GHAYBA OCCULTATION\AL-GHAYBA OCCULTATION.epub
AL-MAWAAIZH The Sermons,.\AL-MAWAAIZH The Sermons\AL-MAWAAIZH The Sermons.epub
Al-Miqdad bin Al-Aswad,.\Al-Miqdad bin Al-Aswad\Al-Miqdad bin Al-Aswad.epub
Ali The Magnificent,.\Ali The Magnificent\Ali The Magnificent.epub
All Solutions Are with the Prophet's Progeny,.\All Solutions Are with the Prophet's Progeny\All Solutions Are with the Prophet's Progeny.epub
Allah - The Concept of God in Islam (a selection),.\Allah - The Concept of God in Islam (a selection)\Allah - The Concept of God in Islam (a selection).epub
Alphabetical Index to the Holy Quran,.\Alphabetical Index to the Holy Quran\Alphabetical Index to the Holy Quran.epub
Ammar Bin Yasir,.\Ammar Bin Yasir\Ammar Bin Yasir.epub
An Enlightening Commentary into the Light of the Holy Quran vol 1,.\An Enlightening Commentary into the Light of the Holy Quran vol 1\An Enlightening Commentary into the Light of the Holy Quran vol 1.epub
An Enlightening Commentary into the Light of the Holy Quran vol 10,.\An Enlightening Commentary into the Light of the Holy Quran vol 10\An Enlightening Commentary into the Light of the Holy Quran vol 10.epub
An Enlightening Commentary into the Light of the Holy Quran vol 11,.\An Enlightening Commentary into the Light of the Holy Quran vol 11\An Enlightening Commentary into the Light of the Holy Quran vol 11.epub
An Enlightening Commentary into the Light of the Holy Quran vol 12,.\An Enlightening Commentary into the Light of the Holy Quran vol 12\An Enlightening Commentary into the Light of the Holy Quran vol 12.epub
An Enlightening Commentary into the Light of the Holy Quran vol 13,.\An Enlightening Commentary into the Light of the Holy Quran vol 13\An Enlightening Commentary into the Light of the Holy Quran vol 13.epub
An Enlightening Commentary into the Light of the Holy Quran vol 14,.\An Enlightening Commentary into the Light of the Holy Quran vol 14\An Enlightening Commentary into the Light of the Holy Quran vol 14.epub
An Enlightening Commentary into the Light of the Holy Quran vol 15,.\An Enlightening Commentary into the Light of the Holy Quran vol 15\An Enlightening Commentary into the Light of the Holy Quran vol 15.epub
An Enlightening Commentary into the Light of the Holy Quran vol 16,.\An Enlightening Commentary into the Light of the Holy Quran vol 16\An Enlightening Commentary into the Light of the Holy Quran vol 16.epub
An Enlightening Commentary into the Light of the Holy Quran vol 17,.\An Enlightening Commentary into the Light of the Holy Quran vol 17\An Enlightening Commentary into the Light of the Holy Quran vol 17.epub
An Enlightening Commentary into the Light of the Holy Quran vol 18,.\An Enlightening Commentary into the Light of the Holy Quran vol 18\An Enlightening Commentary into the Light of the Holy Quran vol 18.epub
An Enlightening Commentary into the Light of the Holy Quran vol 19,.\An Enlightening Commentary into the Light of the Holy Quran vol 19\An Enlightening Commentary into the Light of the Holy Quran vol 19.epub
An Enlightening Commentary into the Light of the Holy Quran vol 2,.\An Enlightening Commentary into the Light of the Holy Quran vol 2\An Enlightening Commentary into the Light of the Holy Quran vol 2.epub
An Enlightening Commentary into the Light of the Holy Quran vol 20,.\An Enlightening Commentary into the Light of the Holy Quran vol 20\An Enlightening Commentary into the Light of the Holy Quran vol 20.epub
An Enlightening Commentary into the Light of the Holy Quran vol 3,.\An Enlightening Commentary into the Light of the Holy Quran vol 3\An Enlightening Commentary into the Light of the Holy Quran vol 3.epub
An Enlightening Commentary into the Light of the Holy Quran vol 4,.\An Enlightening Commentary into the Light of the Holy Quran vol 4\An Enlightening Commentary into the Light of the Holy Quran vol 4.epub
An Enlightening Commentary into the Light of the Holy Quran vol 5,.\An Enlightening Commentary into the Light of the Holy Quran vol 5\An Enlightening Commentary into the Light of the Holy Quran vol 5.epub
An Enlightening Commentary into the Light of the Holy Quran vol 6,.\An Enlightening Commentary into the Light of the Holy Quran vol 6\An Enlightening Commentary into the Light of the Holy Quran vol 6.epub
An Enlightening Commentary into the Light of the Holy Quran vol 7,.\An Enlightening Commentary into the Light of the Holy Quran vol 7\An Enlightening Commentary into the Light of the Holy Quran vol 7.epub
An Enlightening Commentary into the Light of the Holy Quran vol 8,.\An Enlightening Commentary into the Light of the Holy Quran vol 8\An Enlightening Commentary into the Light of the Holy Quran vol 8.epub
An Enlightening Commentary into the Light of the Holy Quran vol 9,.\An Enlightening Commentary into the Light of the Holy Quran vol 9\An Enlightening Commentary into the Light of the Holy Quran vol 9.epub
AN INQUIRY CONCERNING AL-MAHDI,.\AN INQUIRY CONCERNING AL-MAHDI\AN INQUIRY CONCERNING AL-MAHDI.epub
An Introduction to 'Irfan,.\An Introduction to 'Irfan\An Introduction to 'Irfan.epub
An Introduction to The Islamic Shari'ah,.\An Introduction to The Islamic Shari'ah\An Introduction to The Islamic Shari'ah.epub
Analysis of the History of Aale Muhammad (pbut),.\Analysis of the History of Aale Muhammad (pbut)\Analysis of the History of Aale Muhammad (pbut).epub
And Once Again Abu-Dhar,.\And Once Again Abu-Dhar\And Once Again Abu-Dhar.epub
Anecdotes for Reflection Part 1,.\Anecdotes for Reflection Part 1\Anecdotes for Reflection Part 1.epub
Anecdotes for Reflection Part 2,.\Anecdotes for Reflection Part 2\Anecdotes for Reflection Part 2.epub
ANECDOTES OF PIOUS MEN,.\ANECDOTES OF PIOUS MEN\ANECDOTES OF PIOUS MEN.epub
Anecdotes of Reflection Part 3,.\Anecdotes of Reflection Part 3\Anecdotes of Reflection Part 3.epub
Arabic Accounts of Al-Husayn's Martyrdom,.\Arabic Accounts of Al-Husayn's Martyrdom\Arabic Accounts of Al-Husayn's Martyrdom.epub
AS-SAHIFA AL-KAMILAH - AL-SAJJADIYYA,.\AS-SAHIFA AL-KAMILAH - AL-SAJJADIYYA\AS-SAHIFA AL-KAMILAH - AL-SAJJADIYYA.epub
Ashura Encyclopedia,.\Ashura Encyclopedia\Ashura Encyclopedia.epub
ASK THOSE WHO KNOW,.\ASK THOSE WHO KNOW\ASK THOSE WHO KNOW.epub
Awsaf al Ashraf- The Attributes of the Noble,.\Awsaf al Ashraf- The Attributes of the Noble\Awsaf al Ashraf- The Attributes of the Noble.epub
Ayatullah al-Uzma Sayyid Abul Qasim Al Khoei,.\Ayatullah al-Uzma Sayyid Abul Qasim Al Khoei\Ayatullah al-Uzma Sayyid Abul Qasim Al Khoei.epub
AZADARI - 40 Ahadith,.\AZADARI - 40 Ahadith\AZADARI - 40 Ahadith.epub
Azadari in the sight of Maraje Uzzam and Ulema,.\Azadari in the sight of Maraje Uzzam and Ulema\Azadari in the sight of Maraje Uzzam and Ulema.epub
BACKGROUND OF THE BIRTH OF ISLAM,.\BACKGROUND OF THE BIRTH OF ISLAM\BACKGROUND OF THE BIRTH OF ISLAM.epub
Barzakh (Purgatory),.\Barzakh (Purgatory)\Barzakh (Purgatory).epub
Battle of Harrah,.\Battle of Harrah\Battle of Harrah.epub
Beacons of Light- Muhammad the Prophet and Fatima the Radiant,.\Beacons of Light- Muhammad the Prophet and Fatima the Radiant\Beacons of Light- Muhammad the Prophet and Fatima the Radiant.epub
Beams of Illumination from the Divine Revelation,.\Beams of Illumination from the Divine Revelation\Beams of Illumination from the Divine Revelation.epub
Beauty of Concealment and Concealment of Beauty,.\Beauty of Concealment and Concealment of Beauty\Beauty of Concealment and Concealment of Beauty.epub
Bibi Fatima (AS),.\Bibi Fatima (AS)\Bibi Fatima (AS).epub
Bibi Sakina (AS),.\Bibi Sakina (AS)\Bibi Sakina (AS).epub
Bibi Zainab (AS),.\Bibi Zainab (AS)\Bibi Zainab (AS).epub
Bilal's Bedtime Stories,.\Bilal's Bedtime Stories\Bilal's Bedtime Stories.epub
Bilal's Bedtime Stories - Part ONE,.\Bilal's Bedtime Stories - Part ONE\Bilal's Bedtime Stories - Part ONE.epub
Bilal's Bedtime Stories - Part THREE,.\Bilal's Bedtime Stories - Part THREE\Bilal's Bedtime Stories - Part THREE.epub
Bilal's Bedtime Stories - Part TWO,.\Bilal's Bedtime Stories - Part TWO\Bilal's Bedtime Stories - Part TWO.epub
Bint Al Huda Stories 1,.\Bint Al Huda Stories 1\Bint Al Huda Stories 1.epub
Bint Al Huda Stories 2,.\Bint Al Huda Stories 2\Bint Al Huda Stories 2.epub
Bint Al Huda Stories 3,.\Bint Al Huda Stories 3\Bint Al Huda Stories 3.epub
Bint Al Huda Stories 4,.\Bint Al Huda Stories 4\Bint Al Huda Stories 4.epub
BIOGRAPHY OF  IMAM MUHAMMAD  BIN ALI (A.S.)  (AL-TAQI),.\BIOGRAPHY OF  IMAM MUHAMMAD  BIN ALI (A.S.)  (AL-TAQI)\BIOGRAPHY OF  IMAM MUHAMMAD  BIN ALI (A.S.)  (AL-TAQI).epub
Book of Dua's  (Supplications),.\Book of Dua's  (Supplications)\Book of Dua's  (Supplications).epub
Brief Practical Tips for people going for Haj,.\Brief Practical Tips for people going for Haj\Brief Practical Tips for people going for Haj.epub
Building of Tombs,.\Building of Tombs\Building of Tombs.epub
Burial Rituals,.\Burial Rituals\Burial Rituals.epub
Certainty Uncovered - Kashf al-Yaqin,.\Certainty Uncovered - Kashf al-Yaqin\Certainty Uncovered - Kashf al-Yaqin.epub
Character of Ali Ibn Abi Talib,.\Character of Ali Ibn Abi Talib\Character of Ali Ibn Abi Talib.epub
Child Psychology,.\Child Psychology\Child Psychology.epub
Concentration -  The 5 Daily Prayers - A Short Course for Children,.\Concentration -  The 5 Daily Prayers - A Short Course for Children\Concentration -  The 5 Daily Prayers - A Short Course for Children.epub
Contemporary Legal Rulings in Shia Law,.\Contemporary Legal Rulings in Shia Law\Contemporary Legal Rulings in Shia Law.epub
Contribution of Islam to Medicine,.\Contribution of Islam to Medicine\Contribution of Islam to Medicine.epub
Critique of Marxist Philosophy (Part 1),.\Critique of Marxist Philosophy (Part 1)\Critique of Marxist Philosophy (Part 1).epub
Critique of Marxist Philosophy (Part 2),.\Critique of Marxist Philosophy (Part 2)\Critique of Marxist Philosophy (Part 2).epub
Current Legal Issues,.\Current Legal Issues\Current Legal Issues.epub
DAILY DUAS FOR THE MONTH OF RAMADHAN,.\DAILY DUAS FOR THE MONTH OF RAMADHAN\DAILY DUAS FOR THE MONTH OF RAMADHAN.epub
Day of Judgement,.\Day of Judgement\Day of Judgement.epub
Death- A Beautiful Gift for a Believer,.\Death- A Beautiful Gift for a Believer\Death- A Beautiful Gift for a Believer.epub
Discussions Concerning Al Mahdi,.\Discussions Concerning Al Mahdi\Discussions Concerning Al Mahdi.epub
DIVINE JUSTICE or The Problem of Evil,.\DIVINE JUSTICE or The Problem of Evil\DIVINE JUSTICE or The Problem of Evil.epub
Divorce or Dissolution of Marriage,.\Divorce or Dissolution of Marriage\Divorce or Dissolution of Marriage.epub
Dua's from TIBB AL A-IMMA - Islamic Medical Wisdom,.\Dua's from TIBB AL A-IMMA - Islamic Medical Wisdom\Dua's from TIBB AL A-IMMA - Islamic Medical Wisdom.epub
Duas for Students,.\Duas for Students\Duas for Students.epub
Encounter at the Hospital,.\Encounter at the Hospital\Encounter at the Hospital.epub
ESSENCE OF LIFE - Ain Al-Hayat,.\ESSENCE OF LIFE - Ain Al-Hayat\ESSENCE OF LIFE - Ain Al-Hayat.epub
Essence of Tawhid- Denial of Servitude but to God,.\Essence of Tawhid- Denial of Servitude but to God\Essence of Tawhid- Denial of Servitude but to God.epub
Eternal Manifestations- 80 Stories from the life of Allama Tabatabai,.\Eternal Manifestations- 80 Stories from the life of Allama Tabatabai\Eternal Manifestations- 80 Stories from the life of Allama Tabatabai.epub
Eternity of Man,.\Eternity of Man\Eternity of Man.epub
Events and Circumstances Surrounding the Martyrdom of al-Husain b. Ali,.\Events and Circumstances Surrounding the Martyrdom of al-Husain b. Ali\Events and Circumstances Surrounding the Martyrdom of al-Husain b. Ali.epub
Examining the Ismaili Imams & the Bohras,.\Examining the Ismaili Imams & the Bohras\Examining the Ismaili Imams & the Bohras.epub
FADAK IN HISTORY,.\FADAK IN HISTORY\FADAK IN HISTORY.epub
FADHAIL USH-SHIA - THE MERITS OF THE SHIA,.\FADHAIL USH-SHIA - THE MERITS OF THE SHIA\FADHAIL USH-SHIA - THE MERITS OF THE SHIA.epub
FAITH AND LOVE FOR OTHERS,.\FAITH AND LOVE FOR OTHERS\FAITH AND LOVE FOR OTHERS.epub
Faith and Reason,.\Faith and Reason\Faith and Reason.epub
Fascinating Discourses Of Fourteen Infallible (as),.\Fascinating Discourses Of Fourteen Infallible (as)\Fascinating Discourses Of Fourteen Infallible (as).epub
FAST,.\FAST\FAST.epub
Fasting Rules from Islamic Laws,.\Fasting Rules from Islamic Laws\Fasting Rules from Islamic Laws.epub
FATIMA (sa) The Gracious,.\FATIMA (sa) The Gracious\FATIMA (sa) The Gracious.epub
Fatima is Fatima,.\Fatima is Fatima\Fatima is Fatima.epub
Fatimah Al-Ma`sumah (as)- A Role Model for Men and Women,.\Fatimah Al-Ma`sumah (as)- A Role Model for Men and Women\Fatimah Al-Ma`sumah (as)- A Role Model for Men and Women.epub
Fazail ul Mahdi (atfs),.\Fazail ul Mahdi (atfs)\Fazail ul Mahdi (atfs).epub
FIQH and FUQAHA,.\FIQH and FUQAHA\FIQH and FUQAHA.epub
For a Better Future,.\For a Better Future\For a Better Future.epub
Forty Hadith,.\Forty Hadith\Forty Hadith.epub
Freedom - The Unstated Facts and Points,.\Freedom - The Unstated Facts and Points\Freedom - The Unstated Facts and Points.epub
Friendly Letters,.\Friendly Letters\Friendly Letters.epub
From Marriage to Parenthood- The Heavenly Path,.\From Marriage to Parenthood- The Heavenly Path\From Marriage to Parenthood- The Heavenly Path.epub
Fundamentals of Islam according to Quran,.\Fundamentals of Islam according to Quran\Fundamentals of Islam according to Quran.epub
General Invitation,.\General Invitation\General Invitation.epub
GHADEER-E-KHUM WHERE THE RELIGION WAS BROUGHT TO PERFECTION,.\GHADEER-E-KHUM WHERE THE RELIGION WAS BROUGHT TO PERFECTION\GHADEER-E-KHUM WHERE THE RELIGION WAS BROUGHT TO PERFECTION.epub
Glimpses of Al Mahdi (AS),.\Glimpses of Al Mahdi (AS)\Glimpses of Al Mahdi (AS).epub
Glimpses of Shi'ism in the Musnad of Ibn Hanbal,.\Glimpses of Shi'ism in the Musnad of Ibn Hanbal\Glimpses of Shi'ism in the Musnad of Ibn Hanbal.epub
Goal of LIFE,.\Goal of LIFE\Goal of LIFE.epub
God and His Attributes - Lessons on Islamic Doctrine,.\God and His Attributes - Lessons on Islamic Doctrine\God and His Attributes - Lessons on Islamic Doctrine.epub
Graves of Ulema in Najaf,.\Graves of Ulema in Najaf\Graves of Ulema in Najaf.epub
GREATER SINS - Part 1,.\GREATER SINS - Part 1\GREATER SINS - Part 1.epub
GREATER SINS - Vol 2,.\GREATER SINS - Vol 2\GREATER SINS - Vol 2.epub
GREATER SINS - Vol 3,.\GREATER SINS - Vol 3\GREATER SINS - Vol 3.epub
Guiding the Youth of the New Generation,.\Guiding the Youth of the New Generation\Guiding the Youth of the New Generation.epub
Habib Bin Mudhahir,.\Habib Bin Mudhahir\Habib Bin Mudhahir.epub
Hadhrat Abbas (AS),.\Hadhrat Abbas (AS)\Hadhrat Abbas (AS).epub
Hadith Al Kisa- The Narration of the Cloak,.\Hadith Al Kisa- The Narration of the Cloak\Hadith Al Kisa- The Narration of the Cloak.epub
Hadith Al Thaqalayn (A Study of Its Tawatur),.\Hadith Al Thaqalayn (A Study of Its Tawatur)\Hadith Al Thaqalayn (A Study of Its Tawatur).epub
Hajj  - The Duties and Rulings,.\Hajj  - The Duties and Rulings\Hajj  - The Duties and Rulings.epub
Hajj (The Pilgrimage),.\Hajj (The Pilgrimage)\Hajj (The Pilgrimage).epub
Hajj Booklet,.\Hajj Booklet\Hajj Booklet.epub
Hajj Rituals,.\Hajj Rituals\Hajj Rituals.epub
Hajj The Islamic Pilgrimage According to 5 Schools of Islamic Law,.\Hajj The Islamic Pilgrimage According to 5 Schools of Islamic Law\Hajj The Islamic Pilgrimage According to 5 Schools of Islamic Law.epub
Hamza Ibn Abd al-Muttalib,.\Hamza Ibn Abd al-Muttalib\Hamza Ibn Abd al-Muttalib.epub
Hayatul Qulub - Vol 3 - Succession to Muhammad (s.a.w.s.),.\Hayatul Qulub - Vol 3 - Succession to Muhammad (s.a.w.s.)\Hayatul Qulub - Vol 3 - Succession to Muhammad (s.a.w.s.).epub
Hayatul Qulub - Vol. 1 Stories of the Prophets,.\Hayatul Qulub - Vol. 1 Stories of the Prophets\Hayatul Qulub - Vol. 1 Stories of the Prophets.epub
Hayatul Qulub - Vol. 2 A Detailed Biography of Prophet Muhammad (s),.\Hayatul Qulub - Vol. 2 A Detailed Biography of Prophet Muhammad (s)\Hayatul Qulub - Vol. 2 A Detailed Biography of Prophet Muhammad (s).epub
"HE WILL COME, FOR SURE",".\HE WILL COME, FOR SURE\HE WILL COME, FOR SURE.epub"
Heart Comforter At the Time of the Loss of  Children and Loved Ones,.\Heart Comforter At the Time of the Loss of  Children and Loved Ones\Heart Comforter At the Time of the Loss of  Children and Loved Ones.epub
Heart of the Quran- A Commentary to Sura al Yasin,.\Heart of the Quran- A Commentary to Sura al Yasin\Heart of the Quran- A Commentary to Sura al Yasin.epub
Heroes Of Islam,.\Heroes Of Islam\Heroes Of Islam.epub
Hidden Truths in God's Word,.\Hidden Truths in God's Word\Hidden Truths in God's Word.epub
"Hijab, The Dress of Modesty in Islam",".\Hijab, The Dress of Modesty in Islam\Hijab, The Dress of Modesty in Islam.epub"
"Hijab, the Muslim Women's Dress, Islamic or Cultural",".\Hijab, the Muslim Women's Dress, Islamic or Cultural\Hijab, the Muslim Women's Dress, Islamic or Cultural.epub"
"Historical Sermons of Imam Hussain, Mola Abbas, Syeda Sakina & Syeda Zainab",".\Historical Sermons of Imam Hussain, Mola Abbas, Syeda Sakina & Syeda Zainab\Historical Sermons of Imam Hussain, Mola Abbas, Syeda Sakina & Syeda Zainab.epub"
History Behind Masjid Jamkaran,.\History Behind Masjid Jamkaran\History Behind Masjid Jamkaran.epub
House of Sorrows (A Translation of Baytul Ahzan),.\House of Sorrows (A Translation of Baytul Ahzan)\House of Sorrows (A Translation of Baytul Ahzan).epub
How to Utilize Our Free Time,.\How to Utilize Our Free Time\How to Utilize Our Free Time.epub
Hypocrites - A Commentary on Surah Munafiqun,.\Hypocrites - A Commentary on Surah Munafiqun\Hypocrites - A Commentary on Surah Munafiqun.epub
I was Saddam's Prisoner,.\I was Saddam's Prisoner\I was Saddam's Prisoner.epub
Imam Al-Kadhim(A.S),.\Imam Al-Kadhim(A.S)\Imam Al-Kadhim(A.S).epub
Imam Ali (AS),.\Imam Ali (AS)\Imam Ali (AS).epub
IMAM HASAN AND CALIPHATE,.\IMAM HASAN AND CALIPHATE\IMAM HASAN AND CALIPHATE.epub
IMAM HASSAN BIN ALI (as),.\IMAM HASSAN BIN ALI (as)\IMAM HASSAN BIN ALI (as).epub
IMAM HUSAIN'S REVOLUTION,.\IMAM HUSAIN'S REVOLUTION\IMAM HUSAIN'S REVOLUTION.epub
IMAM HUSSEIN BIN ALI (as),.\IMAM HUSSEIN BIN ALI (as)\IMAM HUSSEIN BIN ALI (as).epub
Imam Jafar Sadiq (as),.\Imam Jafar Sadiq (as)\Imam Jafar Sadiq (as).epub
Imam Khomeini- A Short Biography,.\Imam Khomeini- A Short Biography\Imam Khomeini- A Short Biography.epub
Imam Mahdi (ATFS),.\Imam Mahdi (ATFS)\Imam Mahdi (ATFS).epub
Imam Mahdi (atfs) The Spring of Life,.\Imam Mahdi (atfs) The Spring of Life\Imam Mahdi (atfs) The Spring of Life.epub
Imam Reza's Pilgrimage,.\Imam Reza's Pilgrimage\Imam Reza's Pilgrimage.epub
Imam Zayn al-Abidin (AS),.\Imam Zayn al-Abidin (AS)\Imam Zayn al-Abidin (AS).epub
Imamat and Khilafat,.\Imamat and Khilafat\Imamat and Khilafat.epub
Imamate - The Vicegerency of the Prophet [s],.\Imamate - The Vicegerency of the Prophet [s]\Imamate - The Vicegerency of the Prophet [s].epub
Imamate and Leadership - Lessons on Islamic Doctrine,.\Imamate and Leadership - Lessons on Islamic Doctrine\Imamate and Leadership - Lessons on Islamic Doctrine.epub
IMMIGRATION AND JIHAD - Alhijrah wal Jihad,.\IMMIGRATION AND JIHAD - Alhijrah wal Jihad\IMMIGRATION AND JIHAD - Alhijrah wal Jihad.epub
Importance of the Problems of World View,.\Importance of the Problems of World View\Importance of the Problems of World View.epub
In Search of Truth,.\In Search of Truth\In Search of Truth.epub
Inner Voice,.\Inner Voice\Inner Voice.epub
Inquiries about Islam,.\Inquiries about Islam\Inquiries about Islam.epub
Inquiries About Shi'a Islam,.\Inquiries About Shi'a Islam\Inquiries About Shi'a Islam.epub
Interesting True Stories of Ulamaa,.\Interesting True Stories of Ulamaa\Interesting True Stories of Ulamaa.epub
Interpretation of Surah Al-Hamd,.\Interpretation of Surah Al-Hamd\Interpretation of Surah Al-Hamd.epub
Introduction to the Science of Tafsir,.\Introduction to the Science of Tafsir\Introduction to the Science of Tafsir.epub
Invitation to Islam,.\Invitation to Islam\Invitation to Islam.epub
ISLAM,.\ISLAM\ISLAM.epub
Islam and Religious Pluralism,.\Islam and Religious Pluralism\Islam and Religious Pluralism.epub
Islam In The Bible,.\Islam In The Bible\Islam In The Bible.epub
"Islam, Dialogue and Civil Society",".\Islam, Dialogue and Civil Society\Islam, Dialogue and Civil Society.epub"
"Islam- Faith, Practice & History",".\Islam- Faith, Practice & History\Islam- Faith, Practice & History.epub"
Islamic Beliefs for All,.\Islamic Beliefs for All\Islamic Beliefs for All.epub
ISLAMIC CORRESPONDENCE COURSE  BASIC LEVEL  - BOOK 1,.\ISLAMIC CORRESPONDENCE COURSE  BASIC LEVEL  - BOOK 1\ISLAMIC CORRESPONDENCE COURSE  BASIC LEVEL  - BOOK 1.epub
ISLAMIC CORRESPONDENCE COURSE BASIC LEVEL - BOOK 2,.\ISLAMIC CORRESPONDENCE COURSE BASIC LEVEL - BOOK 2\ISLAMIC CORRESPONDENCE COURSE BASIC LEVEL - BOOK 2.epub
ISLAMIC CORRESPONDENCE COURSE BASIC LEVEL - BOOK 3,.\ISLAMIC CORRESPONDENCE COURSE BASIC LEVEL - BOOK 3\ISLAMIC CORRESPONDENCE COURSE BASIC LEVEL - BOOK 3.epub
ISLAMIC CORRESPONDENCE COURSE BASIC LEVEL - BOOK 4,.\ISLAMIC CORRESPONDENCE COURSE BASIC LEVEL - BOOK 4\ISLAMIC CORRESPONDENCE COURSE BASIC LEVEL - BOOK 4.epub
Islamic Doctrines Simplified,.\Islamic Doctrines Simplified\Islamic Doctrines Simplified.epub
Islamic Factsheets -  Shiite beliefs & Practices explained,.\Islamic Factsheets -  Shiite beliefs & Practices explained\Islamic Factsheets -  Shiite beliefs & Practices explained.epub
Islamic Family Life,.\Islamic Family Life\Islamic Family Life.epub
Islamic Government- Governance of the Jurist,.\Islamic Government- Governance of the Jurist\Islamic Government- Governance of the Jurist.epub
ISLAMIC LAWS By Ayatullah Sistani,.\ISLAMIC LAWS By Ayatullah Sistani\ISLAMIC LAWS By Ayatullah Sistani.epub
Islamic Laws of Ayatullah Khui,.\Islamic Laws of Ayatullah Khui\Islamic Laws of Ayatullah Khui.epub
Islamic Marriage Handbook,.\Islamic Marriage Handbook\Islamic Marriage Handbook.epub
Islamic Rulings- Medical Issues,.\Islamic Rulings- Medical Issues\Islamic Rulings- Medical Issues.epub
Islamic Stories,.\Islamic Stories\Islamic Stories.epub
Islamic Teachings for Kids with Q-A,.\Islamic Teachings for Kids with Q-A\Islamic Teachings for Kids with Q-A.epub
Islamic Teachings in Brief,.\Islamic Teachings in Brief\Islamic Teachings in Brief.epub
Isti'adha- Seeking Allah's Protection from Satan,.\Isti'adha- Seeking Allah's Protection from Satan\Isti'adha- Seeking Allah's Protection from Satan.epub
Istikhara- Seeking the Best from Allah (swt),.\Istikhara- Seeking the Best from Allah (swt)\Istikhara- Seeking the Best from Allah (swt).epub
Ja'far al-Tayyar,.\Ja'far al-Tayyar\Ja'far al-Tayyar.epub
Jesus Christ Speaks through Shia Narrations,.\Jesus Christ Speaks through Shia Narrations\Jesus Christ Speaks through Shia Narrations.epub
Jihad The Holy War of Islam and Its Legitimacy in the Quran,.\Jihad The Holy War of Islam and Its Legitimacy in the Quran\Jihad The Holy War of Islam and Its Legitimacy in the Quran.epub
JOURNEY OF THE UNSEEN WORLD (Rooh Ka Safar),.\JOURNEY OF THE UNSEEN WORLD (Rooh Ka Safar)\JOURNEY OF THE UNSEEN WORLD (Rooh Ka Safar).epub
Jurisprudence made easy,.\Jurisprudence made easy\Jurisprudence made easy.epub
Justice of God,.\Justice of God\Justice of God.epub
Karbala Historical Resources,.\Karbala Historical Resources\Karbala Historical Resources.epub
Khadija tul Kubra - A Short Story of Her Life,.\Khadija tul Kubra - A Short Story of Her Life\Khadija tul Kubra - A Short Story of Her Life.epub
KHAIR-UL-BAREEYAH,.\KHAIR-UL-BAREEYAH\KHAIR-UL-BAREEYAH.epub
Khums (The Islamic Tax),.\Khums (The Islamic Tax)\Khums (The Islamic Tax).epub
Khutbah Iftikharia - the Sermon of Glorification,.\Khutbah Iftikharia - the Sermon of Glorification\Khutbah Iftikharia - the Sermon of Glorification.epub
Khutbah Rajjat,.\Khutbah Rajjat\Khutbah Rajjat.epub
Khutbah Shiqshiqiyyah,.\Khutbah Shiqshiqiyyah\Khutbah Shiqshiqiyyah.epub
Khutbah Tutunjiyyih - Sermon of the Gulf,.\Khutbah Tutunjiyyih - Sermon of the Gulf\Khutbah Tutunjiyyih - Sermon of the Gulf.epub
KITAB AL IRSHAD 1,.\KITAB AL IRSHAD 1\KITAB AL IRSHAD 1.epub
Kumayl Bin Ziyad,.\Kumayl Bin Ziyad\Kumayl Bin Ziyad.epub
Lady Fatima Masuma (a) of Qum,.\Lady Fatima Masuma (a) of Qum\Lady Fatima Masuma (a) of Qum.epub
Lantern of the Path,.\Lantern of the Path\Lantern of the Path.epub
LECTURES ON ASHURA - Ali Quli Qara'i,.\LECTURES ON ASHURA - Ali Quli Qara'i\LECTURES ON ASHURA - Ali Quli Qara'i.epub
Lessons from Qur'an,.\Lessons from Qur'an\Lessons from Qur'an.epub
Lessons from the Lives of our Ulema,.\Lessons from the Lives of our Ulema\Lessons from the Lives of our Ulema.epub
Let Us Understand Eachother (Shia - Sunni Dialogue),.\Let Us Understand Eachother (Shia - Sunni Dialogue)\Let Us Understand Eachother (Shia - Sunni Dialogue).epub
Light Within Me,.\Light Within Me\Light Within Me.epub
LIGHTS ON THE MUHAMMADAN SUNNAH or DEFENCE OF THE HADITH,.\LIGHTS ON THE MUHAMMADAN SUNNAH or DEFENCE OF THE HADITH\LIGHTS ON THE MUHAMMADAN SUNNAH or DEFENCE OF THE HADITH.epub
Living the Right Way,.\Living the Right Way\Living the Right Way.epub
Logic For Islamic Rules,.\Logic For Islamic Rules\Logic For Islamic Rules.epub
Lohoof (Sighs of Sorrow),.\Lohoof (Sighs of Sorrow)\Lohoof (Sighs of Sorrow).epub
Malik Al-Ashtar,.\Malik Al-Ashtar\Malik Al-Ashtar.epub
Man and Faith,.\Man and Faith\Man and Faith.epub
Man and His Destiny,.\Man and His Destiny\Man and His Destiny.epub
Manasik al-Hajj,.\Manasik al-Hajj\Manasik al-Hajj.epub
Manifestations of the All-Merciful,.\Manifestations of the All-Merciful\Manifestations of the All-Merciful.epub
Manner of Awaiting,.\Manner of Awaiting\Manner of Awaiting.epub
MAQTAL AL-HUSAIN - Martyrdom Epic of Imam Al-Husain,.\MAQTAL AL-HUSAIN - Martyrdom Epic of Imam Al-Husain\MAQTAL AL-HUSAIN - Martyrdom Epic of Imam Al-Husain.epub
Marriage and Morals in Islam,.\Marriage and Morals in Islam\Marriage and Morals in Islam.epub
MARY AND JESUS IN ISLAM,.\MARY AND JESUS IN ISLAM\MARY AND JESUS IN ISLAM.epub
Master and Mastership,.\Master and Mastership\Master and Mastership.epub
Matrimonial Rights,.\Matrimonial Rights\Matrimonial Rights.epub
Maytham Al-Tammar,.\Maytham Al-Tammar\Maytham Al-Tammar.epub
Me'raj - The Night Ascension,.\Me'raj - The Night Ascension\Me'raj - The Night Ascension.epub
Merits of Earth (Turbah) of Imam Husain's Grave,.\Merits of Earth (Turbah) of Imam Husain's Grave\Merits of Earth (Turbah) of Imam Husain's Grave.epub
Miscellaneous Fatwas,.\Miscellaneous Fatwas\Miscellaneous Fatwas.epub
Mizanul Hikmah,.\Mizanul Hikmah\Mizanul Hikmah.epub
Moment by Moment - Expecting the Advent of al-Qa-'im (PBUH),.\Moment by Moment - Expecting the Advent of al-Qa-'im (PBUH)\Moment by Moment - Expecting the Advent of al-Qa-'im (PBUH).epub
Moral Stories For Kids,.\Moral Stories For Kids\Moral Stories For Kids.epub
"Moral Values of Qur'an, a Commentary on Surah Hujurat",".\Moral Values of Qur'an, a Commentary on Surah Hujurat\Moral Values of Qur'an, a Commentary on Surah Hujurat.epub"
Morality of the Holy Prophet (p.b.u.h.),.\Morality of the Holy Prophet (p.b.u.h.)\Morality of the Holy Prophet (p.b.u.h.).epub
Muhammad (S) is the Last Prophet,.\Muhammad (S) is the Last Prophet\Muhammad (S) is the Last Prophet.epub
Mukhtar Al-Thaqafi,.\Mukhtar Al-Thaqafi\Mukhtar Al-Thaqafi.epub
Muntakhab Al Asar Vol 1,.\Muntakhab Al Asar Vol 1\Muntakhab Al Asar Vol 1.epub
Musab Al Khair,.\Musab Al Khair\Musab Al Khair.epub
MUSIC AND ITS EFFECTS,.\MUSIC AND ITS EFFECTS\MUSIC AND ITS EFFECTS.epub
NAFASUL MAHMOOM - Relating to the Heart Rending Tragedy of Karbala,.\NAFASUL MAHMOOM - Relating to the Heart Rending Tragedy of Karbala\NAFASUL MAHMOOM - Relating to the Heart Rending Tragedy of Karbala.epub
NAHJ AL-FASAHAH  HEIGHT OF RHETORIC,.\NAHJ AL-FASAHAH  HEIGHT OF RHETORIC\NAHJ AL-FASAHAH  HEIGHT OF RHETORIC.epub
Nahjul Balagha - Vol 2 Letters and Sayings,.\Nahjul Balagha - Vol 2 Letters and Sayings\Nahjul Balagha - Vol 2 Letters and Sayings.epub
Nahjul Balagha - Volume 1 Sermons,.\Nahjul Balagha - Volume 1 Sermons\Nahjul Balagha - Volume 1 Sermons.epub
NEED FOR RELIGION,.\NEED FOR RELIGION\NEED FOR RELIGION.epub
One Hundred Fifty Lessons for Life,.\One Hundred Fifty Lessons for Life\One Hundred Fifty Lessons for Life.epub
Our Philosophy,.\Our Philosophy\Our Philosophy.epub
Parents and Children,.\Parents and Children\Parents and Children.epub
PERFECT MAN,.\PERFECT MAN\PERFECT MAN.epub
PESHAWAR NIGHTS Part - 1,.\PESHAWAR NIGHTS Part - 1\PESHAWAR NIGHTS Part - 1.epub
PESHAWAR NIGHTS Part - 2,.\PESHAWAR NIGHTS Part - 2\PESHAWAR NIGHTS Part - 2.epub
POLARIZATION AROUND THE CHARACTER OF 'ALI IBN ABI TALIB,.\POLARIZATION AROUND THE CHARACTER OF 'ALI IBN ABI TALIB\POLARIZATION AROUND THE CHARACTER OF 'ALI IBN ABI TALIB.epub
Pork,.\Pork\Pork.epub
POWER OF PRAYERS,.\POWER OF PRAYERS\POWER OF PRAYERS.epub
Practical Laws of Islam,.\Practical Laws of Islam\Practical Laws of Islam.epub
Practice kids,.\Practice kids\Practice kids.epub
Principles of Faith - Usul al Deen,.\Principles of Faith - Usul al Deen\Principles of Faith - Usul al Deen.epub
Principles of Marriage and Family Ethics,.\Principles of Marriage and Family Ethics\Principles of Marriage and Family Ethics.epub
Principles of Upbringing Children,.\Principles of Upbringing Children\Principles of Upbringing Children.epub
"PROMINENT ULAMAA, PRIOR TO 100 YEARS",".\PROMINENT ULAMAA, PRIOR TO 100 YEARS\PROMINENT ULAMAA, PRIOR TO 100 YEARS.epub"
"Prophecies About Holy Prophet in Hindu, Christian, Jewish n Parsi",".\Prophecies About Holy Prophet in Hindu, Christian, Jewish n Parsi\Prophecies About Holy Prophet in Hindu, Christian, Jewish n Parsi.epub"
Prophet Ayyub (as),.\Prophet Ayyub (as)\Prophet Ayyub (as).epub
Prophet Hud,.\Prophet Hud\Prophet Hud.epub
Prophet Ibrahim,.\Prophet Ibrahim\Prophet Ibrahim.epub
Prophet Ismail,.\Prophet Ismail\Prophet Ismail.epub
Prophet Lut,.\Prophet Lut\Prophet Lut.epub
Prophet Muhammad (SAW),.\Prophet Muhammad (SAW)\Prophet Muhammad (SAW).epub
Prophet Salih,.\Prophet Salih\Prophet Salih.epub
Prophet Shu'ayb,.\Prophet Shu'ayb\Prophet Shu'ayb.epub
Prophet Younis,.\Prophet Younis\Prophet Younis.epub
Prophet Yousuf,.\Prophet Yousuf\Prophet Yousuf.epub
Prophethood,.\Prophethood\Prophethood.epub
Qalbe Saleem - Immaculate Conscience,.\Qalbe Saleem - Immaculate Conscience\Qalbe Saleem - Immaculate Conscience.epub
Questions and Answers on Faith and Practice,.\Questions and Answers on Faith and Practice\Questions and Answers on Faith and Practice.epub
Questions on Jurisprudence,.\Questions on Jurisprudence\Questions on Jurisprudence.epub
Rationality of Islam,.\Rationality of Islam\Rationality of Islam.epub
Rays from the life of Imam Hasan bin Ali (as),.\Rays from the life of Imam Hasan bin Ali (as)\Rays from the life of Imam Hasan bin Ali (as).epub
Rays of the Sun- 83 Stories from the Life of Imam Khomeini (ra),.\Rays of the Sun- 83 Stories from the Life of Imam Khomeini (ra)\Rays of the Sun- 83 Stories from the Life of Imam Khomeini (ra).epub
Razavi Codes of Ethics,.\Razavi Codes of Ethics\Razavi Codes of Ethics.epub
Risalah Al Wilayah,.\Risalah Al Wilayah\Risalah Al Wilayah.epub
Saeed Bin Jubayr,.\Saeed Bin Jubayr\Saeed Bin Jubayr.epub
Salat al-Lail,.\Salat al-Lail\Salat al-Lail.epub
Salatul  Jumu`ah,.\Salatul  Jumu`ah\Salatul  Jumu`ah.epub
Salman Al Muhammadi,.\Salman Al Muhammadi\Salman Al Muhammadi.epub
SATAN - The Accursed,.\SATAN - The Accursed\SATAN - The Accursed.epub
SCHOLASTIC THEOLOGY (KALAAM),.\SCHOLASTIC THEOLOGY (KALAAM)\SCHOLASTIC THEOLOGY (KALAAM).epub
Sects of Islam,.\Sects of Islam\Sects of Islam.epub
Selections From Judgements Of Hazrat Ali (a.s.),.\Selections From Judgements Of Hazrat Ali (a.s.)\Selections From Judgements Of Hazrat Ali (a.s.).epub
Selections From Judgements Of Hazrat Ali (as),.\Selections From Judgements Of Hazrat Ali (as)\Selections From Judgements Of Hazrat Ali (as).epub
Self Building An Islamic Guide for Spiritual Migration Towards God,.\Self Building An Islamic Guide for Spiritual Migration Towards God\Self Building An Islamic Guide for Spiritual Migration Towards God.epub
Self Knowledge,.\Self Knowledge\Self Knowledge.epub
Sermon Without ALIF,.\Sermon Without ALIF\Sermon Without ALIF.epub
Sermon Without DOTS,.\Sermon Without DOTS\Sermon Without DOTS.epub
Sexual Ethics in Islam and in the Western World,.\Sexual Ethics in Islam and in the Western World\Sexual Ethics in Islam and in the Western World.epub
Sexual Problems of Youths,.\Sexual Problems of Youths\Sexual Problems of Youths.epub
Shi'ism- Imamate and Wilayat,.\Shi'ism- Imamate and Wilayat\Shi'ism- Imamate and Wilayat.epub
Shia,.\Shia\Shia.epub
Shiite Islam- Orthodoxy or Heterodoxy,.\Shiite Islam- Orthodoxy or Heterodoxy\Shiite Islam- Orthodoxy or Heterodoxy.epub
Short Interesting Stories,.\Short Interesting Stories\Short Interesting Stories.epub
SIFAT USH-SHIA The Qualities of the shia,.\SIFAT USH-SHIA The Qualities of the shia\SIFAT USH-SHIA The Qualities of the shia.epub
Slavery from Islamic and Christian Perspectives,.\Slavery from Islamic and Christian Perspectives\Slavery from Islamic and Christian Perspectives.epub
Sociology of the Qur'an Part II,.\Sociology of the Qur'an Part II\Sociology of the Qur'an Part II.epub
Sociology of the Quran Part I,.\Sociology of the Quran Part I\Sociology of the Quran Part I.epub
Special Salawaat of the month of Shaban,.\Special Salawaat of the month of Shaban\Special Salawaat of the month of Shaban.epub
Spiritual Discourses,.\Spiritual Discourses\Spiritual Discourses.epub
Spiritual Journey of the Mystics (Suluk-e-Airfaan),.\Spiritual Journey of the Mystics (Suluk-e-Airfaan)\Spiritual Journey of the Mystics (Suluk-e-Airfaan).epub
Spiritual Sayings,.\Spiritual Sayings\Spiritual Sayings.epub
Stories of Bahlool,.\Stories of Bahlool\Stories of Bahlool.epub
Story of the Holy Ka'aba and Its People,.\Story of the Holy Ka'aba and Its People\Story of the Holy Ka'aba and Its People.epub
Sulh al-Hasan - The Peace Treaty of Al-Hasan [as],.\Sulh al-Hasan - The Peace Treaty of Al-Hasan [as]\Sulh al-Hasan - The Peace Treaty of Al-Hasan [as].epub
Syeda Fatima (sa) The Most Paramount Lady of Islam,.\Syeda Fatima (sa) The Most Paramount Lady of Islam\Syeda Fatima (sa) The Most Paramount Lady of Islam.epub
Tafsir Al-Mizan Volume 1,.\Tafsir Al-Mizan Volume 1\Tafsir Al-Mizan Volume 1.epub
Tahzeeb ul Islam,.\Tahzeeb ul Islam\Tahzeeb ul Islam.epub
Taqiyah (Dissimulation),.\Taqiyah (Dissimulation)\Taqiyah (Dissimulation).epub
Tears for Kerbala,.\Tears for Kerbala\Tears for Kerbala.epub
Temporary Marriage in Islamic Law,.\Temporary Marriage in Islamic Law\Temporary Marriage in Islamic Law.epub
Tenets of Islam,.\Tenets of Islam\Tenets of Islam.epub
The 12 Imams,.\The 12 Imams\The 12 Imams.epub
The Amazing Qur'an,.\The Amazing Qur'an\The Amazing Qur'an.epub
The Awaited Savior of Humanity (al-Mahdi in the Eyes of the Ahlul Bayt),.\The Awaited Savior of Humanity (al-Mahdi in the Eyes of the Ahlul Bayt)\The Awaited Savior of Humanity (al-Mahdi in the Eyes of the Ahlul Bayt).epub
The Awaited Saviour,.\The Awaited Saviour\The Awaited Saviour.epub
The Beauty of Charity,.\The Beauty of Charity\The Beauty of Charity.epub
"The Bible, The Qur'an and Science",".\The Bible, The Qur'an and Science\The Bible, The Qur'an and Science.epub"
THE BOOK OF OCCULTATION - Kitab Al-Ghaibah,.\THE BOOK OF OCCULTATION - Kitab Al-Ghaibah\THE BOOK OF OCCULTATION - Kitab Al-Ghaibah.epub
The Charter of Rights (Risalat al-Huquq),.\The Charter of Rights (Risalat al-Huquq)\The Charter of Rights (Risalat al-Huquq).epub
The Collection and Preservation of the Qur'an,.\The Collection and Preservation of the Qur'an\The Collection and Preservation of the Qur'an.epub
The Educational System In Islam,.\The Educational System In Islam\The Educational System In Islam.epub
The Elixir of Love  -  In the memory of Shaikh Rajab Ali Khayyat,.\The Elixir of Love  -  In the memory of Shaikh Rajab Ali Khayyat\The Elixir of Love  -  In the memory of Shaikh Rajab Ali Khayyat.epub
The Emergence of Shi'ism and the Shi'ites,.\The Emergence of Shi'ism and the Shi'ites\The Emergence of Shi'ism and the Shi'ites.epub
THE EPISTLE,.\THE EPISTLE\THE EPISTLE.epub
The Faith of Shi'a Islam,.\The Faith of Shi'a Islam\The Faith of Shi'a Islam.epub
The Family in Islam,.\The Family in Islam\The Family in Islam.epub
The famous KHUTBA of Syeda Fatima Zahra (sa),.\The famous KHUTBA of Syeda Fatima Zahra (sa)\The famous KHUTBA of Syeda Fatima Zahra (sa).epub
The Fast of Ashura,.\The Fast of Ashura\The Fast of Ashura.epub
The Great Companion of the Prophet- Abu Dharr,.\The Great Companion of the Prophet- Abu Dharr\The Great Companion of the Prophet- Abu Dharr.epub
The Great Muslim Scientist and Philosopher Imam Jafar Ibn Mohammed as-Sadiq (as),.\The Great Muslim Scientist and Philosopher Imam Jafar Ibn Mohammed as-Sadiq (as)\The Great Muslim Scientist and Philosopher Imam Jafar Ibn Mohammed as-Sadiq (as).epub
The Greatest Jihad- Combat with the Self,.\The Greatest Jihad- Combat with the Self\The Greatest Jihad- Combat with the Self.epub
The Guide to Hajj Rites - The Rulings and Procedures of Hajj,.\The Guide to Hajj Rites - The Rulings and Procedures of Hajj\The Guide to Hajj Rites - The Rulings and Procedures of Hajj.epub
The Hereafter - Ma'ad,.\The Hereafter - Ma'ad\The Hereafter - Ma'ad.epub
The Holy Quran  and the month of Ramadhan,.\The Holy Quran  and the month of Ramadhan\The Holy Quran  and the month of Ramadhan.epub
The Human Cycle - Eighteen Lessons with Sayyid Muhammad Husayn Jalali,.\The Human Cycle - Eighteen Lessons with Sayyid Muhammad Husayn Jalali\The Human Cycle - Eighteen Lessons with Sayyid Muhammad Husayn Jalali.epub
The Infallibility of the Prophets in the Qu'ran,.\The Infallibility of the Prophets in the Qu'ran\The Infallibility of the Prophets in the Qu'ran.epub
THE ISLAMIC FAMILY STRUCTURE,.\THE ISLAMIC FAMILY STRUCTURE\THE ISLAMIC FAMILY STRUCTURE.epub
The Islamic Modest Dress,.\The Islamic Modest Dress\The Islamic Modest Dress.epub
The Journey of Imam Husain,.\The Journey of Imam Husain\The Journey of Imam Husain.epub
The Journey of Tears,.\The Journey of Tears\The Journey of Tears.epub
The Justice of God - Adl -e- Ilahi,.\The Justice of God - Adl -e- Ilahi\The Justice of God - Adl -e- Ilahi.epub
The Last Journey (Manazile Akherah),.\The Last Journey (Manazile Akherah)\The Last Journey (Manazile Akherah).epub
The Learnings Of The Glorious Quran,.\The Learnings Of The Glorious Quran\The Learnings Of The Glorious Quran.epub
The Life and the Tales of Prophet Adam (pbuh),.\The Life and the Tales of Prophet Adam (pbuh)\The Life and the Tales of Prophet Adam (pbuh).epub
"The Life of Imam 'Ali Al-Hadi, Study and Analysis",".\The Life of Imam 'Ali Al-Hadi, Study and Analysis\The Life of Imam 'Ali Al-Hadi, Study and Analysis.epub"
The Life of Imam Hasan Al-'Askari,.\The Life of Imam Hasan Al-'Askari\The Life of Imam Hasan Al-'Askari.epub
The Life of Imam Muhammad ibn Ali Al-Baqir (as),.\The Life of Imam Muhammad ibn Ali Al-Baqir (as)\The Life of Imam Muhammad ibn Ali Al-Baqir (as).epub
The Life of Muhammad The Prophet,.\The Life of Muhammad The Prophet\The Life of Muhammad The Prophet.epub
THE MASTER OF MARTYRS,.\THE MASTER OF MARTYRS\THE MASTER OF MARTYRS.epub
The Mercy of Qur'an and The Advent of Zaman - Commentary on Four Suras,.\The Mercy of Qur'an and The Advent of Zaman - Commentary on Four Suras\The Mercy of Qur'an and The Advent of Zaman - Commentary on Four Suras.epub
The Message,.\The Message\The Message.epub
THE ORIGIN OF SHIITE ISLAM AND IT'S PRINCIPLES,.\THE ORIGIN OF SHIITE ISLAM AND IT'S PRINCIPLES\THE ORIGIN OF SHIITE ISLAM AND IT'S PRINCIPLES.epub
The Position of Women from the Viewpoint of Imam Khomeini,.\The Position of Women from the Viewpoint of Imam Khomeini\The Position of Women from the Viewpoint of Imam Khomeini.epub
THE PROMISED ONE IN QURAN,.\THE PROMISED ONE IN QURAN\THE PROMISED ONE IN QURAN.epub
The Prophet's Last Prayer,.\The Prophet's Last Prayer\The Prophet's Last Prayer.epub
The Qur'an  When It Was Compiled,.\The Qur'an  When It Was Compiled\The Qur'an  When It Was Compiled.epub
The Qur'an and its Translators,.\The Qur'an and its Translators\The Qur'an and its Translators.epub
The Qur'an- Its Protection from Alteration,.\The Qur'an- Its Protection from Alteration\The Qur'an- Its Protection from Alteration.epub
THE QURAN ON ASTRONOMY,.\THE QURAN ON ASTRONOMY\THE QURAN ON ASTRONOMY.epub
The Radiance of the Secrets of Prayer,.\The Radiance of the Secrets of Prayer\The Radiance of the Secrets of Prayer.epub
THE REVEALER THE MESSENGER THE MESSAGE,.\THE REVEALER THE MESSENGER THE MESSAGE\THE REVEALER THE MESSENGER THE MESSAGE.epub
The Revolution of  Al Husayn (as),.\The Revolution of  Al Husayn (as)\The Revolution of  Al Husayn (as).epub
The Revolution of Imam al Husayn Its Impact on the Consciousness of Muslim Society,.\The Revolution of Imam al Husayn Its Impact on the Consciousness of Muslim Society\The Revolution of Imam al Husayn Its Impact on the Consciousness of Muslim Society.epub
The Rights of Prisoners According to Islamic Teachings,.\The Rights of Prisoners According to Islamic Teachings\The Rights of Prisoners According to Islamic Teachings.epub
The Ritual Ablutions for Women - Taharatu N Nisa,.\The Ritual Ablutions for Women - Taharatu N Nisa\The Ritual Ablutions for Women - Taharatu N Nisa.epub
The Ritual and Spiritual Purity,.\The Ritual and Spiritual Purity\The Ritual and Spiritual Purity.epub
The Rules on the Female's  Three Natures of Blood,.\The Rules on the Female's  Three Natures of Blood\The Rules on the Female's  Three Natures of Blood.epub
THE SERMON OF PROPHET MUHAMMAD AT GHADIR KHUM,.\THE SERMON OF PROPHET MUHAMMAD AT GHADIR KHUM\THE SERMON OF PROPHET MUHAMMAD AT GHADIR KHUM.epub
The Shia - The Real Followers of The Sunnah,.\The Shia - The Real Followers of The Sunnah\The Shia - The Real Followers of The Sunnah.epub
The Story of Prophet Uzair,.\The Story of Prophet Uzair\The Story of Prophet Uzair.epub
The Story of Prophets Dauwud and Sulayman,.\The Story of Prophets Dauwud and Sulayman\The Story of Prophets Dauwud and Sulayman.epub
The Story of Taloot and Jaloot,.\The Story of Taloot and Jaloot\The Story of Taloot and Jaloot.epub
The Sufferings of Amirol Mo'minin Ali ibn Abi Talib (A.S.),.\The Sufferings of Amirol Mo'minin Ali ibn Abi Talib (A.S.)\The Sufferings of Amirol Mo'minin Ali ibn Abi Talib (A.S.).epub
"The Torch of Perpetual Guidance, Ziyarat 'Ashura of Imam Husayn",".\The Torch of Perpetual Guidance, Ziyarat 'Ashura of Imam Husayn\The Torch of Perpetual Guidance, Ziyarat 'Ashura of Imam Husayn.epub"
THE TRUE STORIES,.\THE TRUE STORIES\THE TRUE STORIES.epub
The Unschooled Prophet,.\The Unschooled Prophet\The Unschooled Prophet.epub
The Victory of Truth - The Life of Zaynab bint 'Ali,.\The Victory of Truth - The Life of Zaynab bint 'Ali\The Victory of Truth - The Life of Zaynab bint 'Ali.epub
The Voice of Human Justice (Sautu'l 'Adalati'l Insaniyah),.\The Voice of Human Justice (Sautu'l 'Adalati'l Insaniyah)\The Voice of Human Justice (Sautu'l 'Adalati'l Insaniyah).epub
"The Wine of Love, Mystical Poetry of Imam Khomeini",".\The Wine of Love, Mystical Poetry of Imam Khomeini\The Wine of Love, Mystical Poetry of Imam Khomeini.epub"
The World's Most Outstanding Lady- Fatima Az-Zahra',.\The World's Most Outstanding Lady- Fatima Az-Zahra'\The World's Most Outstanding Lady- Fatima Az-Zahra'.epub
THEN I WAS GUIDED,.\THEN I WAS GUIDED\THEN I WAS GUIDED.epub
Theology And Metaphysics In Nahj Al Balaghah,.\Theology And Metaphysics In Nahj Al Balaghah\Theology And Metaphysics In Nahj Al Balaghah.epub
To Be With the Truthful,.\To Be With the Truthful\To Be With the Truthful.epub
Tradition of Mufaddal,.\Tradition of Mufaddal\Tradition of Mufaddal.epub
Tranquil Heart - 43 Recollections of Imam Khomeini Relating to Prayers,.\Tranquil Heart - 43 Recollections of Imam Khomeini Relating to Prayers\Tranquil Heart - 43 Recollections of Imam Khomeini Relating to Prayers.epub
Truth About Shi'ah Ithna 'Ashari Faith,.\Truth About Shi'ah Ithna 'Ashari Faith\Truth About Shi'ah Ithna 'Ashari Faith.epub
TUHAF UL-UQOUL - THE MASTERPIECES OF THE MIND,.\TUHAF UL-UQOUL - THE MASTERPIECES OF THE MIND\TUHAF UL-UQOUL - THE MASTERPIECES OF THE MIND.epub
Two Women and a Man,.\Two Women and a Man\Two Women and a Man.epub
Ulama's Contact with the Living Imam atfs,.\Ulama's Contact with the Living Imam atfs\Ulama's Contact with the Living Imam atfs.epub
ULAMAA OF RECENT ERA,.\ULAMAA OF RECENT ERA\ULAMAA OF RECENT ERA.epub
Understanding the Month of Glory - Lessons on the Month of Ramadhan,.\Understanding the Month of Glory - Lessons on the Month of Ramadhan\Understanding the Month of Glory - Lessons on the Month of Ramadhan.epub
Understanding the Uniqueness of the Qur'an,.\Understanding the Uniqueness of the Qur'an\Understanding the Uniqueness of the Qur'an.epub
Uswat Al-Aarifeen - A Look at the Life of Ayatullah Bahjat,.\Uswat Al-Aarifeen - A Look at the Life of Ayatullah Bahjat\Uswat Al-Aarifeen - A Look at the Life of Ayatullah Bahjat.epub
UYUN AKHBAR AL REZA - Vol 1,.\UYUN AKHBAR AL REZA - Vol 1\UYUN AKHBAR AL REZA - Vol 1.epub
UYUN AKHBAR AL REZA - VOL. 2,.\UYUN AKHBAR AL REZA - VOL. 2\UYUN AKHBAR AL REZA - VOL. 2.epub
Verses of Ghadir,.\Verses of Ghadir\Verses of Ghadir.epub
Virtue Prevails,.\Virtue Prevails\Virtue Prevails.epub
"War, Peace and Non-violence - An Islamic perspective",".\War, Peace and Non-violence - An Islamic perspective\War, Peace and Non-violence - An Islamic perspective.epub"
WASIYATNAMA - Last Will & Testament,.\WASIYATNAMA - Last Will & Testament\WASIYATNAMA - Last Will & Testament.epub
Ways of Increasing Sustenance,.\Ways of Increasing Sustenance\Ways of Increasing Sustenance.epub
Western Civilization Through Muslim Eyes,.\Western Civilization Through Muslim Eyes\Western Civilization Through Muslim Eyes.epub
What Do You Know About Islamic Economics,.\What Do You Know About Islamic Economics\What Do You Know About Islamic Economics.epub
What Non Muslims Says About Ali,.\What Non Muslims Says About Ali\What Non Muslims Says About Ali.epub
Why Prostrate on Karbala's Turba,.\Why Prostrate on Karbala's Turba\Why Prostrate on Karbala's Turba.epub
Wilayat - The Station of the Master,.\Wilayat - The Station of the Master\Wilayat - The Station of the Master.epub
WOMAN,.\WOMAN\WOMAN.epub
Woman And Her Rights,.\Woman And Her Rights\Woman And Her Rights.epub
Women In Islam Vs Women In Judaeo-Christian Tradition- Myth & Reality,.\Women In Islam Vs Women In Judaeo-Christian Tradition- Myth & Reality\Women In Islam Vs Women In Judaeo-Christian Tradition- Myth & Reality.epub
Women's Issues Made Simple,.\Women's Issues Made Simple\Women's Issues Made Simple.epub
World of Our Youth,.\World of Our Youth\World of Our Youth.epub
Your Questions  Answered Volume 7,.\Your Questions  Answered Volume 7\Your Questions  Answered Volume 7.epub
Your Questions Answered - Volume 1,.\Your Questions Answered - Volume 1\Your Questions Answered - Volume 1.epub
Your Questions Answered - Volume 2,.\Your Questions Answered - Volume 2\Your Questions Answered - Volume 2.epub
Your Questions Answered Volume 3,.\Your Questions Answered Volume 3\Your Questions Answered Volume 3.epub
Your Questions Answered Volume 4,.\Your Questions Answered Volume 4\Your Questions Answered Volume 4.epub
Your Questions Answered Volume 5,.\Your Questions Answered Volume 5\Your Questions Answered Volume 5.epub
Your Questions Answered Volume 6,.\Your Questions Answered Volume 6\Your Questions Answered Volume 6.epub
Youth and Spouse Selection,.\Youth and Spouse Selection\Youth and Spouse Selection.epub
